customer_id,first_name,last_name,email,created_at
1,Ted,Strall,ted@strall.com,2024-01-01
2,Alice,Wonderland,alice@example.com,2024-01-02
3,Bob,Builder,bob@example.com,2024-01-03
4,Charlie,Brown,charlie@example.com,2024-01-05
5,Dana,Scully,dana@example.com,2024-01-08
6,Fox,Mulder,fox@example.com,2024-01-09
7,Harry,Potter,harry@example.com,2024-02-01
8,Hermione,Granger,hermione@example.com,2024-02-03
9,Ron,Weasley,ron@example.com,2024-02-04
10,Luna,Lovegood,luna@example.com,2024-03-01
